<?xml version="1.0" encoding="UTF-8"?><gupdate xmlns="http://www.google.com/update2/response" protocol="2.0" server="prod"><daystart elapsed_days="5956" elapsed_seconds="24816"/><app appid="agimnkijcaahngcdmfeangaknmldooml" status="error-unknownApplication"/><app appid="cinhimbnkkaeohfgghhklpknlkffjgod" status="error-unknownApplication"/><app appid="ilnjbegmknmfljeajbkljlcbigleiled" status="error-unknownApplication"/><app appid="mgihmkgobaljfehcadcckdggpeojaadh" cohort="1::" cohortname="" status="ok"><ping status="ok"/><updatecheck _esbAllowlist="true" status="noupdate"/></app></gupdate>