{"OutputFileHashSum":"44FD549105DA5A2220492F201CF1DF786F1981D2CE7C52448F47D4FF9F440A51","Converted":true,"OutputModifyDate":"2023-04-24T05:09:53.7821269Z","Metadatas":[{"CategoryName":"VuGen.Replay","Offset":554,"Length":23,"TypeId":1},{"CategoryName":"VuGen.Replay","Offset":1213,"Length":84,"TypeId":6},{"CategoryName":"VuGen.Replay","Offset":1297,"Length":60,"TypeId":3},{"CategoryName":"VuGen.Replay","Offset":1357,"Length":67,"TypeId":3},{"CategoryName":"VuGen.Replay","Offset":1424,"Length":61,"TypeId":3},{"CategoryName":"VuGen.Replay","Offset":1485,"Length":63,"TypeId":3},{"CategoryName":"VuGen.Replay","Offset":1548,"Length":64,"TypeId":3},{"CategoryName":"VuGen.Replay","Offset":1612,"Length":66,"TypeId":3},{"CategoryName":"VuGen.Replay","Offset":1678,"Length":65,"TypeId":3},{"CategoryName":"VuGen.Replay","Offset":1743,"Length":67,"TypeId":3},{"CategoryName":"VuGen.Replay","Offset":1810,"Length":59,"TypeId":3},{"CategoryName":"VuGen.Replay","Offset":1869,"Length":62,"TypeId":3},{"CategoryName":"VuGen.Replay","Offset":1931,"Length":62,"TypeId":3},{"CategoryName":"VuGen.Replay","Offset":1993,"Length":64,"TypeId":3},{"CategoryName":"VuGen.Replay","Offset":2057,"Length":62,"TypeId":3},{"CategoryName":"VuGen.Replay","Offset":2119,"Length":61,"TypeId":3},{"CategoryName":"VuGen.Replay","Offset":2997,"Length":61,"TypeId":3},{"CategoryName":"VuGen.Replay","Offset":3166,"Length":80,"TypeId":6},{"CategoryName":"VuGen.Replay","Offset":3246,"Length":82,"TypeId":6},{"CategoryName":"VuGen.Replay","Offset":3328,"Length":65,"TypeId":3},{"CategoryName":"VuGen.Replay","Offset":3393,"Length":80,"TypeId":6},{"CategoryName":"VuGen.Replay","Offset":3473,"Length":86,"TypeId":6},{"CategoryName":"VuGen.Replay","Offset":3559,"Length":67,"TypeId":3},{"CategoryName":"VuGen.Replay","Offset":3702,"Length":84,"TypeId":6},{"CategoryName":"VuGen.Replay","Offset":3786,"Length":84,"TypeId":6},{"CategoryName":"VuGen.Replay","Offset":3870,"Length":84,"TypeId":6},{"CategoryName":"VuGen.Replay","Offset":3954,"Length":86,"TypeId":6},{"CategoryName":"VuGen.Replay","Offset":4997,"Length":84,"TypeId":6},{"CategoryName":"VuGen.Replay","Offset":5081,"Length":84,"TypeId":6},{"CategoryName":"VuGen.Replay","Offset":5309,"Length":84,"TypeId":6},{"CategoryName":"VuGen.Replay","Offset":5393,"Length":84,"TypeId":6},{"CategoryName":"VuGen.Replay","Offset":5477,"Length":84,"TypeId":6},{"CategoryName":"VuGen.Replay","Offset":5561,"Length":86,"TypeId":6},{"CategoryName":"VuGen.Replay","Offset":6626,"Length":84,"TypeId":6},{"CategoryName":"VuGen.Replay","Offset":6710,"Length":84,"TypeId":6},{"CategoryName":"VuGen.Replay","Offset":6794,"Length":76,"TypeId":6},{"CategoryName":"VuGen.Replay","Offset":6870,"Length":82,"TypeId":5},{"CategoryName":"VuGen.Replay","Offset":6952,"Length":79,"TypeId":6},{"CategoryName":"VuGen.Replay","Offset":7031,"Length":76,"TypeId":5},{"CategoryName":"VuGen.Replay","Offset":7107,"Length":76,"TypeId":6},{"CategoryName":"VuGen.Replay","Offset":7183,"Length":78,"TypeId":5},{"CategoryName":"VuGen.Replay","Offset":7261,"Length":77,"TypeId":6},{"CategoryName":"VuGen.Replay","Offset":7338,"Length":82,"TypeId":5},{"CategoryName":"VuGen.Replay","Offset":7420,"Length":80,"TypeId":6},{"CategoryName":"VuGen.Replay","Offset":7500,"Length":92,"TypeId":5},{"CategoryName":"VuGen.Replay","Offset":7592,"Length":90,"TypeId":6},{"CategoryName":"VuGen.Replay","Offset":7682,"Length":98,"TypeId":5},{"CategoryName":"VuGen.Replay","Offset":7780,"Length":85,"TypeId":6},{"CategoryName":"VuGen.Replay","Offset":7865,"Length":96,"TypeId":5},{"CategoryName":"VuGen.Replay","Offset":7961,"Length":86,"TypeId":6},{"CategoryName":"VuGen.Replay","Offset":8047,"Length":96,"TypeId":5},{"CategoryName":"VuGen.Replay","Offset":8143,"Length":92,"TypeId":6},{"CategoryName":"VuGen.Replay","Offset":9160,"Length":21,"TypeId":1}],"MetadataTypes":[{"CategoryName":"VuGen.Replay","MetadataTypeName":"HP.LR.Vugen.Iteration","Id":1},{"CategoryName":"VuGen.Replay","MetadataTypeName":"Utt.Debugger.Warning","Id":2},{"CategoryName":"VuGen.Replay","MetadataTypeName":"HP.LR.Vugen.NotifySavingParameter","Id":3},{"CategoryName":"VuGen.Replay","MetadataTypeName":"Utt.Debugger.Error","Id":4},{"CategoryName":"VuGen.Replay","MetadataTypeName":"HP.LR.Vugen.NotifyAny","Id":5},{"CategoryName":"VuGen.Replay","MetadataTypeName":"HP.LR.Vugen.NotifyParameterSubstitution","Id":6}]}