[
    {
        "actionName": "Action",
        "steps": [
            {
                "stepId": "STEP1",
                "stepName": "Url: WebTours",
                "infFile": "t1.inf",
                "time": 1682322458951
            },
            {
                "stepId": "STEP2",
                "stepName": "Submit Data: login.pl",
                "infFile": "t2.inf",
                "time": 1682322459371
            },
            {
                "stepId": "STEP3",
                "stepName": "Url: Search Flights Button",
                "infFile": "t3.inf",
                "time": 1682322459783
            },
            {
                "stepId": "STEP4",
                "stepName": "Submit Data: reservations.pl",
                "infFile": "t4.inf",
                "time": 1682322460054
            },
            {
                "stepId": "STEP5",
                "stepName": "Submit Data: reservations.pl_2",
                "infFile": "t5.inf",
                "time": 1682322460265
            },
            {
                "stepId": "STEP6",
                "stepName": "Submit Data: reservations.pl_3",
                "infFile": "t6.inf",
                "time": 1682322460465
            }
        ],
        "transactions": [
            {
                "transactionName": "HomePage",
                "rawStartTime": 1682322458610,
                "rawEndTime": 1682322458981,
                "thinkTime": 0.0,
                "wastedTime": 0.10001754760742188
            },
            {
                "transactionName": "TC_01_Login",
                "rawStartTime": 1682322459044,
                "rawEndTime": 1682322459402,
                "thinkTime": 0.0,
                "wastedTime": 0.007780551910400391
            },
            {
                "transactionName": "TC_02_FindFlight",
                "rawStartTime": 1682322459448,
                "rawEndTime": 1682322459804,
                "thinkTime": 0.0,
                "wastedTime": 0.00996255874633789
            },
            {
                "transactionName": "TC_03",
                "rawStartTime": 1682322459916,
                "rawEndTime": 1682322460084,
                "thinkTime": 0.0,
                "wastedTime": 0.004987955093383789
            },
            {
                "transactionName": "TC_04_FindFlight",
                "rawStartTime": 1682322460116,
                "rawEndTime": 1682322460287,
                "thinkTime": 0.0,
                "wastedTime": 0.005524873733520508
            },
            {
                "transactionName": "TC_05_PaymentDetails",
                "rawStartTime": 1682322460333,
                "rawEndTime": 1682322460486,
                "thinkTime": 0.0,
                "wastedTime": 0.005836009979248047
            }
        ]
    }
]