{"OutputFileHashSum":"DF1A63E48A8ED08435232390BB724F98CA82F9B9A30DEBEF3BD32651E7400210","Converted":true,"OutputModifyDate":"2023-04-24T07:47:40.5105181Z","Metadatas":[{"CategoryName":"VuGen.Replay","Offset":563,"Length":23,"TypeId":1},{"CategoryName":"VuGen.Replay","Offset":1140,"Length":54,"TypeId":3},{"CategoryName":"VuGen.Replay","Offset":2383,"Length":103,"TypeId":2},{"CategoryName":"VuGen.Replay","Offset":2750,"Length":62,"TypeId":2},{"CategoryName":"VuGen.Replay","Offset":2949,"Length":98,"TypeId":5},{"CategoryName":"VuGen.Replay","Offset":3047,"Length":113,"TypeId":3},{"CategoryName":"VuGen.Replay","Offset":3361,"Length":80,"TypeId":4},{"CategoryName":"VuGen.Replay","Offset":3518,"Length":58,"TypeId":3},{"CategoryName":"VuGen.Replay","Offset":3649,"Length":122,"TypeId":4},{"CategoryName":"VuGen.Replay","Offset":3771,"Length":80,"TypeId":4},{"CategoryName":"VuGen.Replay","Offset":3851,"Length":80,"TypeId":4},{"CategoryName":"VuGen.Replay","Offset":5022,"Length":63,"TypeId":2},{"CategoryName":"VuGen.Replay","Offset":5229,"Length":99,"TypeId":5},{"CategoryName":"VuGen.Replay","Offset":5328,"Length":116,"TypeId":3},{"CategoryName":"VuGen.Replay","Offset":5579,"Length":63,"TypeId":3},{"CategoryName":"VuGen.Replay","Offset":6884,"Length":67,"TypeId":2},{"CategoryName":"VuGen.Replay","Offset":6951,"Length":70,"TypeId":2},{"CategoryName":"VuGen.Replay","Offset":7021,"Length":67,"TypeId":2},{"CategoryName":"VuGen.Replay","Offset":7088,"Length":72,"TypeId":2},{"CategoryName":"VuGen.Replay","Offset":7160,"Length":66,"TypeId":2},{"CategoryName":"VuGen.Replay","Offset":7226,"Length":69,"TypeId":2},{"CategoryName":"VuGen.Replay","Offset":7295,"Length":74,"TypeId":2},{"CategoryName":"VuGen.Replay","Offset":7369,"Length":68,"TypeId":2},{"CategoryName":"VuGen.Replay","Offset":7437,"Length":67,"TypeId":2},{"CategoryName":"VuGen.Replay","Offset":7504,"Length":68,"TypeId":2},{"CategoryName":"VuGen.Replay","Offset":7572,"Length":68,"TypeId":2},{"CategoryName":"VuGen.Replay","Offset":7640,"Length":71,"TypeId":2},{"CategoryName":"VuGen.Replay","Offset":7711,"Length":68,"TypeId":2},{"CategoryName":"VuGen.Replay","Offset":7779,"Length":73,"TypeId":2},{"CategoryName":"VuGen.Replay","Offset":7852,"Length":67,"TypeId":2},{"CategoryName":"VuGen.Replay","Offset":7919,"Length":70,"TypeId":2},{"CategoryName":"VuGen.Replay","Offset":7989,"Length":75,"TypeId":2},{"CategoryName":"VuGen.Replay","Offset":8064,"Length":69,"TypeId":2},{"CategoryName":"VuGen.Replay","Offset":8133,"Length":68,"TypeId":2},{"CategoryName":"VuGen.Replay","Offset":8201,"Length":68,"TypeId":2},{"CategoryName":"VuGen.Replay","Offset":8551,"Length":68,"TypeId":2},{"CategoryName":"VuGen.Replay","Offset":8619,"Length":67,"TypeId":2},{"CategoryName":"VuGen.Replay","Offset":8835,"Length":104,"TypeId":5},{"CategoryName":"VuGen.Replay","Offset":8939,"Length":121,"TypeId":3},{"CategoryName":"VuGen.Replay","Offset":9060,"Length":86,"TypeId":4},{"CategoryName":"VuGen.Replay","Offset":9146,"Length":94,"TypeId":4},{"CategoryName":"VuGen.Replay","Offset":9240,"Length":75,"TypeId":2},{"CategoryName":"VuGen.Replay","Offset":9315,"Length":86,"TypeId":4},{"CategoryName":"VuGen.Replay","Offset":9401,"Length":89,"TypeId":4},{"CategoryName":"VuGen.Replay","Offset":9490,"Length":69,"TypeId":2},{"CategoryName":"VuGen.Replay","Offset":9845,"Length":53,"TypeId":3},{"CategoryName":"VuGen.Replay","Offset":9979,"Length":95,"TypeId":4},{"CategoryName":"VuGen.Replay","Offset":10074,"Length":89,"TypeId":4},{"CategoryName":"VuGen.Replay","Offset":10163,"Length":82,"TypeId":2},{"CategoryName":"VuGen.Replay","Offset":10521,"Length":70,"TypeId":2},{"CategoryName":"VuGen.Replay","Offset":10742,"Length":89,"TypeId":4},{"CategoryName":"VuGen.Replay","Offset":10831,"Length":111,"TypeId":3},{"CategoryName":"VuGen.Replay","Offset":11079,"Length":64,"TypeId":3},{"CategoryName":"VuGen.Replay","Offset":11226,"Length":101,"TypeId":4},{"CategoryName":"VuGen.Replay","Offset":11597,"Length":66,"TypeId":2},{"CategoryName":"VuGen.Replay","Offset":11816,"Length":85,"TypeId":4},{"CategoryName":"VuGen.Replay","Offset":11901,"Length":122,"TypeId":3},{"CategoryName":"VuGen.Replay","Offset":12160,"Length":68,"TypeId":3},{"CategoryName":"VuGen.Replay","Offset":12311,"Length":82,"TypeId":4},{"CategoryName":"VuGen.Replay","Offset":12393,"Length":81,"TypeId":4},{"CategoryName":"VuGen.Replay","Offset":12474,"Length":80,"TypeId":4},{"CategoryName":"VuGen.Replay","Offset":12554,"Length":78,"TypeId":4},{"CategoryName":"VuGen.Replay","Offset":12632,"Length":83,"TypeId":4},{"CategoryName":"VuGen.Replay","Offset":12715,"Length":85,"TypeId":4},{"CategoryName":"VuGen.Replay","Offset":12800,"Length":79,"TypeId":4},{"CategoryName":"VuGen.Replay","Offset":12879,"Length":101,"TypeId":4},{"CategoryName":"VuGen.Replay","Offset":13280,"Length":66,"TypeId":2},{"CategoryName":"VuGen.Replay","Offset":13499,"Length":85,"TypeId":4},{"CategoryName":"VuGen.Replay","Offset":13584,"Length":126,"TypeId":3},{"CategoryName":"VuGen.Replay","Offset":13733,"Length":21,"TypeId":1}],"MetadataTypes":[{"CategoryName":"VuGen.Replay","MetadataTypeName":"HP.LR.Vugen.Iteration","Id":1},{"CategoryName":"VuGen.Replay","MetadataTypeName":"HP.LR.Vugen.NotifySavingParameter","Id":2},{"CategoryName":"VuGen.Replay","MetadataTypeName":"HP.LR.Vugen.NotifyTransaction","Id":3},{"CategoryName":"VuGen.Replay","MetadataTypeName":"HP.LR.Vugen.NotifyParameterSubstitution","Id":4},{"CategoryName":"VuGen.Replay","MetadataTypeName":"Utt.Debugger.Warning","Id":5},{"CategoryName":"VuGen.Replay","MetadataTypeName":"Utt.Debugger.Error","Id":6},{"CategoryName":"VuGen.Replay","MetadataTypeName":"HP.LR.Vugen.NotifyAny","Id":7}]}