<?xml version="1.0" encoding="utf-8"?>
<VugenScriptMetadata>
  <ScriptName>webdemo______2</ScriptName>
  <Protocol>Web - HTTP/HTML</Protocol>
  <ActionFiles>
    <FileEntry Name="vuser_init.c" Filter="2" />
    <FileEntry Name="Action.c" Filter="2" />
    <FileEntry Name="vuser_end.c" Filter="2" />
  </ActionFiles>
  <GeneralFiles>
    <FileEntry Name="webdemo______2.usr" Filter="4" />
    <FileEntry Name="default.cfg" Filter="4" />
    <FileEntry Name="default.usp" Filter="4" />
    <FileEntry Name="webdemo______2.prm" Filter="2" />
    <FileEntry Name="globals.h" Filter="2" />
    <FileEntry Name="Address1.dat" Filter="2" />
    <FileEntry Name="P_Expdate.dat" Filter="2" />
    <FileEntry Name="P_Pass1.dat" Filter="2" />
    <FileEntry Name="P_Password.dat" Filter="2" />
    <FileEntry Name="P_Creditcardnum.dat" Filter="2" />
    <FileEntry Name="P_LastName.dat" Filter="2" />
    <FileEntry Name="P_FirstName.dat" Filter="2" />
    <FileEntry Name="Address2.dat" Filter="2" />
    <FileEntry Name="P_Username.dat" Filter="2" />
    <FileEntry Name="combined_webdemo______2.c" Filter="2" />
    <FileEntry Name="pre_cci.c" Filter="2" />
    <FileEntry Name="107741970440.idx" Filter="1" />
    <FileEntry Name="124125347440.idx" Filter="1" />
    <FileEntry Name="129659412440.idx" Filter="1" />
    <FileEntry Name="1365001440.idx" Filter="1" />
    <FileEntry Name="205799620440.idx" Filter="1" />
    <FileEntry Name="30900685440.idx" Filter="1" />
    <FileEntry Name="31891180440.idx" Filter="1" />
    <FileEntry Name="36129202440.idx" Filter="1" />
    <FileEntry Name="80856108440.idx" Filter="1" />
    <FileEntry Name="Bookmarks.xml" Filter="1" />
    <FileEntry Name="Breakpoints.xml" Filter="1" />
    <FileEntry Name="CompilerLogMetadata.xml" Filter="1" />
    <FileEntry Name="custom_body_variables.txt" Filter="1" />
    <FileEntry Name="data.zip" Filter="1" />
    <FileEntry Name="logfile.log" Filter="1" />
    <FileEntry Name="lrw_custom_body.h" Filter="1" />
    <FileEntry Name="mdrv.log" Filter="1" />
    <FileEntry Name="mdrv_cmd.txt" Filter="1" />
    <FileEntry Name="options.txt" Filter="1" />
    <FileEntry Name="output.bak" Filter="1" />
    <FileEntry Name="output.txt" Filter="1" />
    <FileEntry Name="OutputColoringDatabase.json" Filter="1" />
    <FileEntry Name="ReplaySummaryReport.xml" Filter="1" />
    <FileEntry Name="ScriptUploadMetadata.xml" Filter="1" />
    <FileEntry Name="ThumbnailsCache.tmp" Filter="1" />
    <FileEntry Name="UserTasks.xml" Filter="1" />
    <FileEntry Name="webdemo______2.c.pickle" Filter="1" />
    <FileEntry Name="webdemo______2.ci" Filter="1" />
    <FileEntry Name="webdemo______2.prm.bak" Filter="1" />
    <FileEntry Name="data\" Filter="1" />
    <FileEntry Name="result1\" Filter="1" />
  </GeneralFiles>
</VugenScriptMetadata>