[
    {
        "actionName": "Action",
        "steps": [
            {
                "stepId": "STEP1",
                "stepName": "Url: {P_Url}",
                "infFile": "t1.inf",
                "time": 1682312990827
            },
            {
                "stepId": "STEP2",
                "stepName": "Submit Data: reserve.php",
                "infFile": "t2.inf",
                "time": 1682312991785
            },
            {
                "stepId": "STEP3",
                "stepName": "Submit Data: purchase.php",
                "infFile": "t3.inf",
                "time": 1682312992616
            },
            {
                "stepId": "STEP4",
                "stepName": "Submit Data: confirmation.php",
                "infFile": "t4.inf",
                "time": 1682312993766
            }
        ],
        "transactions": []
    }
]